feature	metadata	value	coef	stderr	N	N.not.0	pval	qval
TAGGGAATATTGGACAATGGGGGCAACCCTGATCCAGCAATGCCGCGTGAGTGATGAAGGCCTTAGGGTTGTAAAGCTCTTTTACCCGAGATGATAATGACAGTATCGGGAGAATAAGCTCCGGCTAACTCCGTGCCAGCAGCCGCGGTAATACGGAGGGAGCTAGCGTTGTTCGGAATTACTGGGCGTAAAGCGCACGTAGGCGGCGATTTAAGTCAGAGGTGAAAGCCCGGGGCTCAACCCCGGAACTGCCTTTGAGACTGGATTGCTTGAATCCTGGAGAGGTGAGTGGAATTCCGAGTGTAGAGGTGAAATTCGTAGATATTCGGAAGAACACCAGTGGCGAAGGCGGCTCACTGGACAGGTATTGACGCTGAGGTGCGAAAGCGTGGGGAGCAAA	Country	NO	-1.61884327685395	0.195986430235722	599	116	9.63860223714319e-15	4.80002391409731e-12
TAGGGAATTTTCGTCAATGGGGGAAACCCTGAACGAGCAATGCCGCGTGAGTGAAGAAGGTCTTCGGATCGTAAAGCTCTGTTGTAAGTGAAGAACGGCTCATAGAGGAAATGCTATGGGAGTGACGGTAGCTTACCAGAAAGCCACGGCTAACTACGTGCCAGCAGCCGCGGTAATACGTAGGTGGCAAGCGTTATCCGGAATCATTGGGCGTAAAGGGTGCGTAGGTGGCGTACTAAGTCTGTAGTAAAAGGCAATGGCTCAACCATTGTAAGCTATGGAAACTGGTATGCTGGAGTGCAGAAGAGGGCGATGGAATTCCATGTGTAGCGGTAAAATGCGTAGATATATGGAGGAACACCAGTGGCGAAGGCGGTCGCCTGGTCTGTAACTGACACTG	Country	NO	-2.49444960990026	0.35104985675471	599	251	1.18148796224993e-11	2.94190502600233e-09
TGGGGAATATTGCACAATGGGCGCAAGCCTGATGCAGCCATGCCGCGTGTATGAAGAAGGCCTTCGGGTTGTAAAGTACTTTCAGCGGGGAGGAAGGGAGTAAAGTTAATACCTTTGCTCATTGACGTTACCCGCAGAAGAAGCACCGGCTAACTCCGTGCCAGCAGCCGCGGTAATACGGAGGGTGCAAGCGTTAATCGGAATTACTGGGCGTAAAGCGCACGCAGGCGGTTTGTTAAGTCAGATGTGAAATCCCCGGGCTCAACCTGGGAACTGCATCTGATACTGGCAAGCTTGAGTCTCGTAGAGGGGGGTAGAATTCCAGGTGTAGCGGTGAAATGCGTAGAGATCTGGAGGAATACCGGTGGCGAAGGCGGCCCCCTGGACGAAGACTGACGCT	Group	post_ltx	3.64773700591264	0.678205869714861	599	426	1.67084722240732e-07	2.77360638919614e-05
TGGGGAATCTTGCGCAATGGGGGGAACCCTGACGCAGCGACGCCGCGTGCGGGACGGAGGCCTTCGGGTCGTAAACCGCTTTCAGCAGGGAAGAGTCAAGACTGTACCTGCAGAAGAAGCCCCGGCTAACTACGTGCCAGCAGCCGCGGTAATACGTAGGGGGCGAGCGTTATCCGGATTCATTGGGCGTAAAGCGCGCGTAGGCGGCCCGGCAGGCCGGGGGTCGAAGCGGGGGGCTCAACCCCCCGAAGCCCCCGGAACCTCCGCGGCTTGGGTCCGGTAGGGGAGGGTGGAACACCCGGTGTAGCGGTGGAATGCGCAGATATCGGGTGGAACACCGGTGGCGAAGGCGGCCCTCTGGGCCGAGACCGACGCTGAGGCGCGAAAGCTGGGGGAGCGA	Country	NO	-2.81033221522006	0.543121301549311	599	396	4.58024107565831e-07	5.7024001391946e-05
TAGGGAATCTTCCGCAATGGACGCAAGTCTGACGGAGCAACGCCGCGTGAGTGAAGAAGGTTTTCGGATCGTAAAACTCTGTTGTTAGAGAAGAACAAGTGCTAGAGTAACTGTTAGCGCCTTGACGGTATCTAACCAGAAAGCCACGGCTAACTACGTGCCAGCAGCCGCGGTAATACGTAGGTGGCAAGCGTTGTCCGGATTTATTGGGCGTAAAGCGAGCGCAGGCGGTTCCTTAAGTCTGATGTGAAAGCCCCCGGCTCAACCGGGGAGGGTCATTGGAAACTGGGGAACTTGAGTGCAGAAGAGGAGAGTGGAATTCCATGTGTAGCGGTGAAATGCGTAGATATATGGAGGAACACCAGTGGCGAAGGCGACTCTCTGGTCTGTAACTGACGCT	Country	NO	-1.4448767304587	0.306783131876161	599	239	4.12975673580548e-06	0.000411323770886226
TGGGGAATCTTCCGCAATGGACGAAAGTCTGACGGAGCAACGCCGCGTGAGTGATGAAGGTCTTCGGATTGTAAAACTCTGTTGTTAGGGACGAAAGCACCGTGTTCGAACAGGTCATGGTGTTGACGGTACCTAACGAGGAAGCCACGGCTAACTACGTGCCAGCAGCCGCGGTAATACGTAGGTGGCAAGCGTTGTCCGGAATTATTGGGCGTAAAGAGCATGTAGGCGGGCTTTTAAGTCTGACGTGAAAATGCGGGGCTTAACCCCGTATGGCGTTGGATACTGGAAGTCTTGAGTGCAGGAGAGGAAAGGGGAATTCCCAGTGTAGCGGTGAAATGCGTAGATATTGGGAGGAACACCAGTGGCGAAGGCGCCTTTCTGGACTGTGTCTGACGCT	Country	NO	-1.46629223661523	0.316148521917916	599	80	5.57811406510089e-06	0.000462983467403374
TAGGGAATCTTCGGCAATGGGGGCAACCCTGACCGAGCAACGCCGCGTGAGTGAAGAAGGTTTTCGGATCGTAAAGCTCTGTTGTAAGTCAAGAACGGGTGTGAGAGTGGAAAGTTCACACTGTGACGGTAGCTTACCAGAAAGGGACGGCTAACTACGTGCCAGCAGCCGCGGTAATACGTAGGTCCCGAGCGTTGTCCGGATTTATTGGGCGTAAAGCGAGCGCAGGCGGTTTGATAAGTCTGAAGTTAAAGGCTGTGGCTCAACCATAGTTCGCTTTGGAAACTGTCAAACTTGAGTGCAGAAGGGGAGAGTGGAATTCCATGTGTAGCGGTGAAATGCGTAGATATATGGAGGAACACCGGTGGCGAAAGCGGCTCTCTGGTCTGTAACTGACGCT	Country	NO	-1.42841037905608	0.322326096881947	599	81	1.38710796026191e-05	0.000986828234586332
TGGGGAATATTGGGCAATGGGCGCAAGCCTGACCCAGCAACGCCGCGTGAAGGAAGAAGGCTTTCGGGTTGTAAACTTCTTTTGTCAGGGACGAAACAAATGACGGTACCTGACGAATAAGCCACGGCTAACTACGTGCCAGCAGCCGCGGTAATACGTAGGTGGCAAGCGTTATCCGGATTTACTGGGTGTAAAGGGCGTGTAGGCGGGAGTGCAAGTCAGATGTGAAAATTATGGGCTCAACCCATAACCTGCATTTGAAACTGTACTTCTTGAGTACTGGAGAGGCAGGCGGAATTCCGTGTGTAGCGGTGAAATGCGTAGATATACGGAGGAACACCAGTGGCGAAGGCGGCCTGCTGGACAGCAACTGACGCTGAGGCGCGAAAGCGTGGGGAGC	Country	NO	1.0903889113481	0.253863413084806	599	63	2.45295592041719e-05	0.0015269650604597
TGGGGAATATTGCACAATGGGGGAAACCCTGATGCAGCGACGCCGCGTGAGTGAAGAAGTAATTCGTTATGTAAAGCTCTATCAGCAGGGAAGAAAATGACGGTACCTGACTAAGAAGCCCCGGCTAACTACGTGCCAGCAGCCGCGGTAATACGTAGGGGGCAAGCGTTATCCGGATTTACTGGGTGTAAAGGGAGCGTAGACGGCCGTGCAAGTCTGATGTGAAAGGCTGGGGCTCAACCCCGGGACTGCATTGGAAACTGTATGGCTGGAGTGCCGGAGAGGTAAGCGGAATTCCTAGTGTAGCGGTGAAATGCGTAGATATTAGGAGGAACACCAGTGGCGAAGGCGGCTTACTGGACGGTAACTGACGTTGAGGCTCGAAAGCGTGGGGAGCAAA	Country	NO	0.816823444385562	0.200248522782061	599	104	5.95904442119896e-05	0.00329733791306342
TGGGGAATATTGCACAATGGGGGAAACCCTGATGCAGCGACGCCGCGTGAGCGAAGAAGTATTTCGGTATGTAAAGCTCTATCAGCAGGGAAGAAAATGACGGTACCTGACTAAGAAGCCCCGGCTAACTACGTGCCAGCAGCCGCGGTAATACGTAGGGGGCAAGCGTTATCCGGATTTACTGGGTGTAAAGGGAGCGTAGACGGCGAGGCAAGTCTGATGTGAAAACCCGGGGCTCAACCCCGTGACTGCATTGGAAACTGTTTTGCTTGAGTGCCGGAGAGGTAAGCGGAATTCCTAGTGTAGCGGTGAAATGCGTAGATATTAGGAGGAACACCAGTGGCGAAGGCGGCTTACTGGACGGCAACTGACGTTGAGGCTCGAAAGCGTGGGGAGCAAA	Country	NO	1.83926359584503	0.460847697426981	599	203	8.55499048541845e-05	0.00426038526173839
TGGGGAATATTGCACAATGGGCGAAAGCCTGATGCAGCGACGCCGCGTGAGTGAAGAAGTATCTCGGTATGTAAAGCTCTATCAGCAGGGAAGAAAATGACGGTACCTGACTAAGAAGCCCCGGCTAACTACGTGCCAGCAGCCGCGGTAATACGTAGGGGGCAAGCGTTATCCGGATTTACTGGGTGTAAAGGGAGCGTAGACGGCGATGCAAGTCTGAAGTGAAAGCCCGGGGCTCAACCCCGGGACTGCTTTGGAAACTGTGTGGCTGGAGTGCAGGAGAGGTAAGTGGAATTCCTAGTGTAGCGGTGAAATGCGTAGATATTAGGAGGAACACCAGTGGCGAAGGCGGCTTACTGGACTGTAACTGACGTTGAGGCTCGAAAGCGTGGGGAGCAAA	Group	post_ltx	-0.873606471470388	0.222180153335849	599	50	0.000108193210085975	0.00489820169298321
TGGGGAATATTGCACAATGGGGGAAACCCTGATGCAGCAACGCCGCGTGAGTGAAGAAGTATTTCGGTATGTAAAGCTCTATCAGCAGGGAAGAAAATGACGGTACCTGACTAAGAAGCCCCGGCTAACTACGTGCCAGCAGCCGCGGTAATACGTAGGGGGCAAGCGTTATCCGGATTTACTGGGTGTAAAGGGAGCGTAGACGGCGAGACAAGTCTGAAGTGAAAGCCCGGGGCTCAACCCCGGGACTGCTTTGGAAACTGCCTTGCTAGAGTGCTGGAGAGGTAAGTGGAATTCCTAGTGTAGCGGTGAAATGCGTAGATATTAGGAGGAACACCAGTGGCGAAGGCGGCTTACTGGACAGTAACTGACGTTGAGGCTCGAAAGCGTGGGGAGCAAA	Country	NO	1.54285513713063	0.415440666877246	599	325	0.000249749902650361	0.01036462095999
TGGGGAATTTTGGACAATGGGGGCAACCCTGATCCAGCAATGCCGCGTGTGTGAAGAAGGCCTTCGGGTTGTAAAGCACTTTTGTCCGGAAAGAAATCGCACTGGTTAATACCTGGTGTGGATGACGGTACCGGAAGAATAAGGACCGGCTAACTACGTGCCAGCAGCCGCGGTAATACGTAGGGTCCAAGCGTTAATCGGAATTACTGGGCGTAAAGCGTGCGCAGGCGGTTGTGCAAGACCGATGTGAAATCCCCGGGCTTAACCTGGGAATTGCATTGGTGACTGCACGGCTAGAGTGTGTCAGAGGGGGGTAGAATTCCACGTGTAGCAGTGAAATGCGTAGAGATGTGGAGGAATACCGATGGCGAAGGCAGCCCCCTGGGATAACACTGACGCT	Group	post_ltx	-0.51765267480244	0.143115833688253	599	49	0.000354857774874804	0.0135937824528963
TGGGGAATATTGCACAATGGGCGCAAGCCTGATGCAGCGACGCCGCGTGAGGGATGGAGGCCTTCGGGTTGTAAACCTCTTTTGTTTGGGAGCAAGCCTTCGGGTGAGTGTACCTTTCGAATAAGCGCCGGCTAACTACGTGCCAGCAGCCGCGGTAATACGTAGGGCGCAAGCGTTATCCGGATTTATTGGGCGTAAAGGGCTCGTAGGCGGCTCGTCGCGTCCGGTGTGAAAGTCCATCGCTTAACGGTGGATCTGCGCCGGGTACGGGCGGGCTGGAGTGCGGTAGGGGAGACTGGAATTCCCGGTGTAACGGTGGAATGTGTAGATATCGGGAAGAACACCGATGGCGAAGGCAGGTCTCTGGGCCGTCACTGACGCTGAGGAGCGAAAGCGTGGG	Country	NO	-1.72454888964317	0.479568202516903	599	210	0.000386371523174569	0.0137437870386382
TAGGGAATTTTCGGCAATGGGGGAAACCCTGACCGAGCAACGCCGCGTGAAGGAAGAAGGTTTTCGGATTGTAAACTTCTGTTATAAAGGAAGAACGGCGGCTACAGGAAATGGTAGCCGAGTGACGGTACTTTATTAGAAAGCCACGGCTAACTACGTGCCAGCAGCCGCGGTAATACGTAGGTGGCAAGCGTTATCCGGAATTATTGGGCGTAAAGAGGGAGCAGGCGGCAGCAAGGGTCTGTGGTGAAAGCCTGAAGCTTAACTTCAGTAAGCCATAGAAACCAGGCAGCTAGAGTGCAGGAGAGGATCGTGGAATTCCATGTGTAGCGGTGAAATGCGTAGATATATGGAGGAACACCAGTGGCGAAGGCGACGATCTGGCCTGCAACTGACGCTC	Country	NO	1.35470858278616	0.381427045136848	599	175	0.000451374869375275	0.0149856456632591
TGAGGGATATTGGTCAATGGGGGAAACCCTGAACCAGCAACGCCGCGTGAGGGATGACGGCCTTCGGGTTGTAAACCTCTGTCCTCTGTGAAGATAATGACGGTAGCAGAGGAGGAAGCTCCGGCTAACTACGTGCCAGCAGCCGCGGTAATACGTAGGGAGCAAGCGTTGTCCGGATTTACTGGGTGTAAAGGGTGCGTAGGCGGTTTGGTAAGTCAGAAGTGAAATCCATGGGCTTAACCCATGAACTGCTTTTGAAACTATCGAACTTGAGTGAAGTAGAGGTAGGCGGAATTCCCGGTGTAGCGGTGAAATGCGTAGAGATCGGGAGGAACACCAGTGGCGAAGGCGGCCTACTGGGCTTTAACTGACGCTGAGGCACGAAAGCATGGGTAGCAAA	Country	NO	-0.73109970339099	0.217209708032396	599	73	0.000879635467430839	0.0230557085673978
TGGGGAATATTGCACAATGGGGGAAACCCTGATGCAGCAACGCCGCGTGAGTGAAGAAGTATTTCGGTATGTAAAGCTCTATCAGCAGGGAAGATAATGACGGTACCTGACTAAGAAGCTCCGGCTAAATACGTGCCAGCAGCCGCGGTAATACGTATGGAGCAAGCGTTATCCGGATTTACTGGGTGTAAAGGGTGCGTAGGTGGCAGTGCAAGTCAGATGTGAAAGGCCGGGGCTCAACCCCGGAGCTGCATTTGAAACTGCATAGCTGGAGTACAGGAGAGGCAGGCGGAATTCCTAGTGTAGCGGTGAAATGCGTAGATATTAGGAGGAACACCAGTGGCGAAGGCGGCCTGCTGGACTGTTACTGACACTGAGGCACGAAAGCGTGGGGAGCAAA	Country	NO	-1.04715640374425	0.309755417091311	599	138	0.000836160926026605	0.0230557085673978
TGGGGAATATTGCACAATGGGGGAAACCCTGATGCAGCGACGCCGCGTGGAGGAAGAAGGTCTTCGGATTGTAAACTCCTGTTGTTGAGGAAGATAATGACGGTACTCAACAAGGAAGTGACGGCTAACTACGTGCCAGCAGCCGCGGTAAAACGTAGGTCACAAGCGTTGTCCGGAATTACTGGGTGTAAAGGGAGCGCAGGCGGGAAGACAAGTTGGAAGTGAAATCTATGGGCTCAACCCATAAACTGCTTTCAAAACTGTTTTTCTTGAGTAGTGCAGAGGTAGGCGGAATTCCCGGTGTAGCGGTGGAATGCGTAGATATCGGGAGGAACACCAGTGGCGAAGGCGGCCTACTGGGCACCAACTGACGCTGAGGCTCGAAAGTGTGGGTAGCAAA	Country	NO	2.18162342992379	0.645448665648254	599	364	0.000835784898749272	0.0230557085673978
TGGGGAATATTGGGCAATGGGCGCAAGCCTGACCCAGCAACGCCGCGTGAAGGAAGAAGGCTTTCGGGTTGTAAACTTCTTTTATGAGGGACGAAGGAAGTGACGGTACCTCATGAATAAGCTCCGGCTAACTACGTGCCAGCAGCCGCGGTAATACGTAGGGAGCGAGCGTTATCCGGATTTACTGGGTGTAAAGGGCGTGTAGGCGGGGAAGCAAGTCAGATGTGAAAACCAGTGGCTCAACCACTGGCCTGCATTTGAAACTGTTTTTCTTGAGTGATGGAGAGGCAGGCGGAATTCCGTGTGTAGCGGTGAAATGCGTAGATATACGGAGGAACACCAGTGGCGAAGGCGGCCTGCTGGACATTAACTGACGCTGAGGCGCGAAAGCGTGGGGAGC	Country	NO	0.799124407073925	0.236953763551792	599	94	0.000857821652704152	0.0230557085673978
TGGGGAATATTGGGCAATGGGCGCAAGCCTGACCCAGCAACGCCGCGTGAAGGAAGAAGGCTTTCGGGTTGTAAACTTCTTTTCTCAGGGACGAAGCAAGTGACGGTACCTGAGGAATAAGCCACGGCTAACTACGTGCCAGCAGCCGCGGTAATACGTAGGTGGCAAGCGTTATCCGGATTTACTGGGTGTAAAGGGCGTGTAGGCGGGATCGCAAGTCAGATGTGAAAACTGGAGGCTCAACCTCCAGCCTGCATTTGAAACTGTGGTTCTTGAGTACTGGAGAGGCAGACGGAATTCCTAGTGTAGCGGTGAAATGCGTAGATATTAGGAGGAACACCAGTGGCGAAGGCGGTCTGCTGGACAGCAACTGACGCTGAGGCGCGAAAGCGTGGGGAGC	Country	NO	-0.866251939823091	0.260029986911625	599	108	0.000991274046916832	0.0246827237682291
TGGGGAATATTGCACAATGGGCGCAAGCCTGATGCAGCGACGCCGCGTGCGGGATGACGGCCTTCGGGTTGTAAACCGCTTTTGACTGGGAGCAAGCCCTTCGGGGTGAGTGTACCTTTCGAATAAGCACCGGCTAACTACGTGCCAGCAGCCGCGGTAATACGTAGGGTGCAAGCGTTATCCGGAATTATTGGGCGTAAAGGGCTCGTAGGCGGTTCGTCGCGTCCGGTGTGAAAGTCCATCGCTTAACGGTGGATCCGCGCCGGGTACGGGCGGGCTTGAGTGCGGTAGGGGAGACTGGAATTCCCGGTGTAACGGTGGAATGTGTAGATATCGGGAAGAACACCAATGGCGAAGGCAGGTCTCTGGGCCGTCACTGACGCTGAGGAGCGAAAGCGTG	Country	NO	-1.82255547178816	0.560811647300487	599	287	0.00130694270317853	0.0267720798846192
TGGGGAATATTGCACAATGGGGGAAACCCTGATGCAGCAACGCCGCGTGAGTGAAGAAGTATTTCGGTATGTAAAGCTCTATCAGCAGGGAAGAAAATGACGGTACCTGACTAAGAAGCCCCGGCTAACTACGTGCCAGCAGCCGCGGTAATACGTAGGGGGCAAGCGTTATCCGGATTTACTGGGTGTAAAGGGAGCGTAGACGGCGAAGCAAGTCTGAAGTGAAAGCCCGGGGCTTAACCCCGGGACTGCTTTGGAAACTGTTTTGCTAGAGTGCTGGAGAGGTAAGTGGAATTCCTAGTGTAGCGGTGAAATGCGTAGATATTAGGAGGAACACCAGTGGCGAAGGCGGCTTACTGGACAGTAACTGACGTTGAGGCTCGAAAGCGTGGGGAGCAAA	Country	NO	-0.94798972988561	0.291047700136172	599	70	0.00127594446363416	0.0267720798846192
TGGGGAATATTGCACAATGGGGGAAACCCTGATGCAGCGACGCCGCGTGAAGGATGAAGTATTTCGGTATGTAAACTTCTATCAGCAGGGAAGAAAATGACGGTACCTGACTAAGAAGCCCCGGCTAACTACGTGCCAGCAGCCGCGGTAATACGTAGGGGGCAAGCGTTATCCGGATTTACTGGGTGTAAAGGGAGCGTAGACGGCAGTGCAAGTCTGAAGTGAAAGCCCGGGGCTCAACCCCGGGACTGCTTTGGAAACTGTGCAGCTAGAGTGTCGGAGAGGCAAGCGGAATTCCTAGTGTAGCGGTGAAATGCGTAGATATTAGGAGGAACACCAGTGGCGAAGGCGGCTTGCTGGACGATGACTGACGTTGAGGCTCGAAAGCGTGGGGAGCAAA	Country	NO	-1.72881097536436	0.535722463834199	599	156	0.00141114193976827	0.0267720798846192
TGGGGAATATTGGGCAATGGGCGAAAGCCTGACCCAGCAACGCCGCGTGAGGGAAGAAGGGTTTCGGCTCGTAAACCTCTGTCCTATGGGACGAAGGAAGTGACGGTACCATAGGAGGAAGCCCCGGCTAACTACGTGCCAGCAGCCGCGGTAATACGTAGGGGGCGAGCGTTGTCCGGAATGATTGGGCGTAAAGGGCGCGTAGGCGGCCTGCTAAGTCTGGAGTGAAAGTCCTGCTTTCAAGGTGGGAATTGCTTTGGATACTGGTGGGCTGGAGTGCAGGAGAGGAAAGCGGAATTACCGGTGTAGCGGTGAAATGCGTAGAGATCGGTAGGAACACCAGTGGCGAAGGCGGCTTTCTGGACTGAAACTGACGCTGAGGCGCGAAAGCGTGGGGAGC	Country	NO	1.39142298504599	0.432331769241647	599	198	0.00145149830699742	0.0267720798846192
TGGGGAATATTGGGCAATGGGCGCAAGCCTGACCCAGCAACGCCGCGTGAAGGAAGAAGGCTTTCGGGTTGTAAACTTCTTTTGTCAGGGACGAAGCAAGTGACGGTACCTGACGAATAAGCCACGGCTAACTACGTGCCAGCAGCCGCGGTAATACGTAGGTGGCAAGCGTTATCCGGATTTACTGGGTGTAAAGGGCGTGTAGGCGGGAAAGCAAGTCAGATGTGAAAACTGTGGGCTCAACCCACAGCCTGCATTTGAAACTGTTTTTCTTGAGTACTGGAGAGGCAGATGGAATTCCTAGTGTAGCGGTGAAATGCGTAGATATTAGGAGGAACACCAGTGGCGAAGGCGATCTGCTGGACAGCAACTGACGCTGAGGCGCGAAAGCGTGGGGAGC	Country	NO	0.878210903563559	0.269319104233861	599	196	0.00125838394697368	0.0267720798846192
TGGGGAATTTTGCGCAATGGGGGCAACCCTGACGCAGCAACGCCGCGTGCGGGACGACGGCCTTCGGGTTGTAAACCGCTTTCAGCAGGGAAGAAATTCGACGGTACCTGCAGAAGAAGCTCCGGCTAACTACGTGCCAGCAGCCGCGGTAATACGTAGGGAGCGAGCGTTATCCGGATTCATTGGGCGTAAAGAGCGCGTAGGCGGCCTCTCAAGCGGGATCTCTAATCCGAGGGCTCAACCCCCGGCCGGATCCCGAACTGGGAGGCTCGAGTTCGGTAGAGGCAGGCGGAATTCCCGGTGTAGCGGTGGAATGCGCAGATATCGGGAAGAACACCGATGGCGAAGGCAGCCTGCTGGGCCGCAACTGACGCTGAGGCGCGAAAGCTAGGGGAGCGAA	Country	NO	-1.26121873892844	0.39105431155154	599	120	0.00142248984658645	0.0267720798846192
TGGGGAATTTTGGACAATGGGGGCAACCCTGATCCAGCAATGCCGCGTGTGTGAAGAAGGCCTTCGGGTTGTAAAGCACTTTTGTCCGGAAAGAAATCGCACTGGTTAATACCTGGTGTGGATGACGGTACCGGAAGAATAAGGACCGGCTAACTACGTGCCAGCAGCCGCGGTAATACGTAGGGTCCAAGCGTTAATCGGAATTACTGGGCGTAAAGCGTGCGCAGGCGGTTGTGCAAGACCGATGTGAAATCCCCGGGCTTAACCTGGGAATTGCATTGGTGACTGCACGGCTAGAGTGTGTCAGAGGGGGGTAGAATTCCACGTGTAGCAGTGAAATGCGTAGAGATGTGGAGGAATACCGATGGCGAAGGCAGCCCCCTGGGATAACACTGACGCT	Country	NO	0.461546145106414	0.141215354047336	599	49	0.00121315545015369	0.0267720798846192
TGGGGAATATTGCACAATGGGGGAAACCCTGATGCAGCAACGCCGCGTGAGTGATGAAGGTTTTCGGATCGTAAAGCTCTGTCTTTGGGGAAGATAATGACGGTACCCAAGGAGGAAGCCACGGCTAACTACGTGCCAGCAGCCGCGGTAATACGTAGGTGGCGAGCGTTATCCGGATTTACTGGGCGTAAAGGGAGCGTAGGCGGATGATTAAGTGGGATGTGAAATACCCGGGCTCAACTTGGGTGCTGCATTCCAAACTGGTTATCTAGAGTGCAGGAGAGGAGAGTGGAATTCCTAGTGTAGCGGTGAAATGCGTAGAGATTAGGAAGAACACCAGTGGCGAAGGCGACTCTCTGGACTGTAACTGACGCTGAGGCTCGAAAGCGTGGGGAGCAAA	Group	post_ltx	1.38459819824632	0.437525962751336	599	121	0.0017370636121862	0.0308949171024545
TGAGGAATATTGGTCAATGGACGAGAGTCTGAACCAGCCAAGTAGCGTGAAGGATGACTGCCCTATGGGTTGTAAACTTCTTTTATATGGGAATAAAGTATTCCACGTGTGGGATTTTGTATGTACCATATGAATAAGGATCGGCTAACTCCGTGCCAGCAGCCGCGGTAATACGGAGGATCCGAGCGTTATCCGGATTTATTGGGTTTAAAGGGAGCGTAGGTGGATTGTTAAGTCAGTTGTGAAAGTTTGCGGCTCAACCGTAAAATTGCAGTTGAAACTGGCAGTCTTGAGTACAGTAGAGGTGGGCGGAATTCGTGGTGTAGCGGTGAAATGCTTAGATATCACGAAGAACTCCGATTGCGAAGGCAGCTCACTAGACTGCAACTGACACTGATGC	Country	NO	1.36145594544789	0.433895225221275	599	232	0.00189788754148733	0.0315049331886896
TGGGGAATATTGGACAATGGGCGAAAGCCTGATCCAGCGACGCCGCGTGAGTGAAGAAGTATTTCGGTATGTAAAGCTCTATCAGCAGGGAAGAAAATGACGGTACCTGACTAAGAAGCCCCGGCTAACTACGTGCCAGCAGCCGCGGTAATACGTAGGGGGCAAGCGTTATCCGGATTTACTGGGTGTAAAGGGAGCGTAGACGGTTAAGCAAGTCTGAAGTGAAAGCCCGGGGCTCAACCCCGGTACTGCTTTGGAAACTGTTTGACTTGAGTGCAGGAGAGGTAAGTGGAATTCCTAGTGTAGCGGTGAAATGCGTAGATATTAGGAGGAACACCAGTGGCGAAGGCGGCTTACTGGACTGTAACTGACGTTGAGGCTCGAAAGCGTGGGGAGCAAA	Country	NO	1.48335946181248	0.471308846723954	599	188	0.00183718790516996	0.0315049331886896
TGGGGAATTTTGCGCAATGGGGGCAACCCTGACGCAGCAACGCCGCGTGCGGGACGAAGGCGTCCGCGTCGTAAACCGCTTTCAGCGGGGAACACTTAAACGAGGGTACCCGCAGAAGAAGCCCCGGCTAAATACGTGCCAGCAGCCGCGGTAATACGTATGGGGCGAGCGTTATCCGGATTCATTGGGCGTAAAGCGCGCGTAGGCGGAGCGCTAAGCGGGACCTCTAACCCGAGGGCTCAACCCCCGGCCGGGTCCCGAACTGGCGCTCTCGAGTGCGGTAGGGGAGAGCGGAATTCCCGGTGTAGCGGTGGAATGCGCAGATATCGGGAAGAACACCGACGGCGAAGGCAGCTCTCTGGGCCGAAACTGACGCTGAGGCGCGAAAGCTGGGGGAGCG	Country	NO	-1.07916956486829	0.346258782426401	599	114	0.00203465826841186	0.0326858005699711
TGGGGAATATTGCACAATGGGGGAAACCCTGATGCAGCGACGCCGCGTGAAGGATGAAGTATTTCGGTATGTAAACTTCTATCAGCAGGGAAGAAAATGACGGTACCTGACTAAGAAGCCCCGGCTAACTACGTGCCAGCAGCCGCGGTAATACGTAGGGGGCAAGCGTTATCCGGATTTACTGGGTGTAAAGGGAGCGTAGACGGCAGTGCAAGTCTGAAGTGAAAGCCCGGGGCTCAACCCCGGGACTGCTTTGGAAACTGTGCAGCTAGAGTGTCGGAGAGGCAAGCGGAATTCCTAGTGTAGCGGTGAAATGCGTAGATATTAGGAGGAACACCAGTGGCGAAGGCGGCTTGCTGGACGATGACTGACGTTGAGGCTCGAAAGCGTGGGGAGCAAA	Group	post_ltx	1.68663008095364	0.546928920591464	599	156	0.00226395732737839	0.0352328359073262
TGGGGAATATTGCACAATGGGCGAAAGCCTGATGCAGCAACGCCGCGTGAGCGATGAAGGCCTTCGGGTCGTAAAGCTCTGTCCTCAAGGAAGATAATGACGGTACTTGAGGAGGAAGCCCCGGCTAACTACGTGCCAGCAGCCGCGGTAATACGTAGGGGGCTAGCGTTATCCGGAATTACTGGGCGTAAAGGGTGCGTAGGTGGTTTCTTAAGTCAGAGGTGAAAGGCTACGGCTCAACCGTAGTAAGCCTTTGAAACTGGGAAACTTGAGTGCAGGAGAGGAGAGTGGAATTCCTAGTGTAGCGGTGAAATGCGTAGATATTAGGAGGAACACCAGTTGCGAAGGCGGCTCTCTGGACTGTAACTGACACTGAGGCACGAAAGCGTGGGGAGCAAAC	Country	NO	-1.1197811994333	0.366941611865553	599	187	0.00251192672231146	0.0379072578094274
TAGGGAATCTTCCGCAATGGGCGAAAGCCTGACGGAGCAACGCCGCGTGAGTGAAGAAGGATTTCGGTTCGTAAAGCTCTGTTGTTAGGGAAGAATGATTGTGTAGTAACTATACACAGTAGAGACGGTACCTAACCAGAAAGCCACGGCTAACTACGTGCCAGCAGCCGCGGTAATACGTAGGTGGCAAGCGTTGTCCGGAATTATTGGGCGTAAAGCGCGCGCAGGTGGTTTAATAAGTCTGATGTGAAAGCCCACGGCTCAACCGTGGAGGGTCATTGGAAACTGTTAAACTTGAGTGCAGGAGAGAAAAGTGGAATTCCTAGTGTAGCGGTGAAATGCGTAGAGATTAGGAGGAACACCAGTGGCGAAGGCGGCTTTTTGGCCTGTAACTGACACT	Country	NO	-0.65149859754651	0.215185029534317	599	153	0.00273826116845293	0.0401074724085165
TAGGGAATCTTCGGCAATGGACGGAAGTCTGACCGAGCAACGCCGCGTGAGTGAAGAAGGTTTTCGGATCGTAAAGCTCTGTTGTAAGAGAAGAACGAGTGTGAGAGTGGAAAGTTCACACTGTGACGGTATCTTACCAGAAAGGGACGGCTAACTACGTGCCAGCAGCCGCGGTAATACGTAGGTCCCGAGCGTTGTCCGGATTTATTGGGCGTAAAGCGAGCGCAGGCGGTTAGATAAGTCTGAAGTTAAAGGCTGTGGCTTAACCATAGTACGCTTTGGAAACTGTTTAACTTGAGTGCAAGAGGGGAGAGTGGAATTCCATGTGTAGCGGTGAAATGCGTAGATATATGGAGGAACACCGGTGGCGAAAGCGGCTCTCTGGCTTGTAACTGACGCT	Country	NO	-1.25191106066308	0.422193750160448	599	472	0.00330871046795814	0.0457962818017551
TGGGGAATATTGCACAATGGGGGAAACCCTGATGCAGCGACGCCGCGTGAGTGAAGAAGTATCTCGGTATGTAAAGCTCTATCAGCAGGGAAGAAAATGACGGTACCTGACTAAGAAGCCCCGGCTAACTACGTGCCAGCAGCCGCGGTAATACGTAGGGGGCAAGCGTTATCCGGATTTACTGGGTGTAAAGGGAGCGTAGACGGCGGAGCAAGTCTGAAGTGAAAGCCCGGGGCTCAACCCCGGGACTGCTTTGGAAACTGTTCTGCTAGAGTGCTGGAGAGGTAAGTGGAATTCCTAGTGTAGCGGTGAAATGCGTAGATATTAGGAGGAACACCAGTGGCGAAGGCGGCTTACTGGACAGTAACTGACGTTGAGGCTCGAAAGCGTGGGGAGCAAA	Country	NO	-0.912150942980475	0.30765052090559	599	98	0.00331057458807868	0.0457962818017551
